{"results": [{"objectId": "40yPImsMN7", "activo": true, "updatedAt": "2016-01-04T21:41:45.795Z", "idCamarero": 1, "nombreCamarero": "Jose Luis", "createdAt": "2016-01-04T21:41:45.795Z"}, {"objectId": "67aSJqkQ0Y", "activo": true, "updatedAt": "2016-01-04T21:41:45.797Z", "idCamarero": 2, "nombreCamarero": "Carlos", "createdAt": "2016-01-04T21:41:45.797Z"}, {"objectId": "j1FyzelodV", "activo": true, "updatedAt": "2016-01-04T21:41:45.798Z", "idCamarero": 3, "nombreCamarero": "Manel", "createdAt": "2016-01-04T21:41:45.798Z"}, {"objectId": "mulHNL6Avv", "activo": true, "updatedAt": "2016-01-04T21:41:45.799Z", "idCamarero": 4, "nombreCamarero": "Miguel Valencia", "createdAt": "2016-01-04T21:41:45.799Z"}, {"objectId": "nTcGyTcQsN", "activo": true, "updatedAt": "2016-01-04T21:41:45.801Z", "idCamarero": 5, "nombreCamarero": "Jorge", "createdAt": "2016-01-04T21:41:45.801Z"}, {"objectId": "Kh8Y4S0DVT", "activo": true, "updatedAt": "2016-01-04T21:41:45.802Z", "idCamarero": 6, "nombreCamarero": "Juan Villagarcia", "createdAt": "2016-01-04T21:41:45.802Z"}, {"objectId": "izzTQ0B8C8", "activo": true, "updatedAt": "2016-01-04T21:41:45.803Z", "idCamarero": 7, "nombreCamarero": "Betty", "createdAt": "2016-01-04T21:41:45.803Z"}, {"objectId": "WQn5Y4fU7D", "activo": false, "updatedAt": "2016-01-04T21:41:45.804Z", "idCamarero": 8, "nombreCamarero": "Felix", "createdAt": "2016-01-04T21:41:45.804Z"}, {"objectId": "arPQnjAaRU", "activo": true, "updatedAt": "2016-01-04T21:41:45.806Z", "idCamarero": 9, "nombreCamarero": "Javi Corvillon", "createdAt": "2016-01-04T21:41:45.806Z"}, {"objectId": "cwYa34Sm8j", "activo": false, "updatedAt": "2016-01-04T21:41:45.807Z", "idCamarero": 10, "nombreCamarero": "Adrian Vexo", "createdAt": "2016-01-04T21:41:45.807Z"}, {"objectId": "EkEmxAnoCQ", "activo": true, "updatedAt": "2016-01-04T21:41:45.808Z", "idCamarero": 11, "nombreCamarero": "Moncho", "createdAt": "2016-01-04T21:41:45.808Z"}, {"objectId": "8QyBzOPDdH", "activo": true, "updatedAt": "2016-01-04T21:41:45.810Z", "idCamarero": 12, "nombreCamarero": "Fernando", "createdAt": "2016-01-04T21:41:45.810Z"}, {"objectId": "prTvBzHfPG", "activo": true, "updatedAt": "2016-01-04T21:41:45.811Z", "idCamarero": 13, "nombreCamarero": "Cesario", "createdAt": "2016-01-04T21:41:45.811Z"}, {"objectId": "NdpxghRy4y", "activo": true, "updatedAt": "2016-01-04T21:41:45.812Z", "idCamarero": 14, "nombreCamarero": "Salome", "createdAt": "2016-01-04T21:41:45.812Z"}, {"objectId": "jl219h30og", "activo": true, "updatedAt": "2016-01-04T21:41:45.814Z", "idCamarero": 15, "nombreCamarero": "Jose Armenteira", "createdAt": "2016-01-04T21:41:45.814Z"}, {"objectId": "eOhqZLrA6B", "activo": true, "updatedAt": "2016-01-04T21:41:45.815Z", "idCamarero": 16, "nombreCamarero": "Kike", "createdAt": "2016-01-04T21:41:45.815Z"}, {"objectId": "HSqhOVsDp1", "activo": true, "updatedAt": "2016-01-04T21:41:45.816Z", "idCamarero": 17, "nombreCamarero": "Rubio", "createdAt": "2016-01-04T21:41:45.816Z"}, {"objectId": "XQSeNUhRGy", "activo": true, "updatedAt": "2016-01-04T21:41:45.818Z", "idCamarero": 18, "nombreCamarero": "Anne", "createdAt": "2016-01-04T21:41:45.818Z"}, {"objectId": "QM1nNvGpDD", "activo": true, "updatedAt": "2016-01-04T21:41:45.819Z", "idCamarero": 19, "nombreCamarero": "Rosana", "createdAt": "2016-01-04T21:41:45.819Z"}, {"objectId": "lJv0N4INfI", "activo": true, "updatedAt": "2016-01-04T21:41:45.820Z", "idCamarero": 20, "nombreCamarero": "Raquel", "createdAt": "2016-01-04T21:41:45.820Z"}, {"objectId": "Rc5ODbbyHL", "activo": true, "updatedAt": "2016-01-04T21:41:45.822Z", "idCamarero": 21, "nombreCamarero": "Fabian", "createdAt": "2016-01-04T21:41:45.822Z"}, {"objectId": "covJzf7OWP", "activo": true, "updatedAt": "2016-01-04T21:41:45.823Z", "idCamarero": 22, "nombreCamarero": "Amancio", "createdAt": "2016-01-04T21:41:45.823Z"}, {"objectId": "PLyBijJNk3", "activo": true, "updatedAt": "2016-01-04T21:41:45.824Z", "idCamarero": 23, "nombreCamarero": "Luis", "createdAt": "2016-01-04T21:41:45.824Z"}, {"objectId": "CsfR2fA362", "activo": true, "updatedAt": "2016-01-04T21:41:45.825Z", "idCamarero": 24, "nombreCamarero": "Borja", "createdAt": "2016-01-04T21:41:45.825Z"}, {"objectId": "Gx8ChzUeE4", "activo": false, "updatedAt": "2016-01-04T21:41:45.827Z", "idCamarero": 25, "nombreCamarero": "Alma", "createdAt": "2016-01-04T21:41:45.827Z"}, {"objectId": "LIkoOErojm", "activo": false, "updatedAt": "2016-01-04T21:41:45.828Z", "idCamarero": 26, "nombreCamarero": "Sergio Forni\u00f1os", "createdAt": "2016-01-04T21:41:45.828Z"}, {"objectId": "yQ6WaMk8kx", "activo": true, "updatedAt": "2016-01-04T21:41:45.829Z", "idCamarero": 28, "nombreCamarero": "Martin Villalonga", "createdAt": "2016-01-04T21:41:45.829Z"}, {"objectId": "XYRBDyg6on", "activo": false, "updatedAt": "2016-01-04T21:41:45.831Z", "idCamarero": 29, "nombreCamarero": "Natalia Caldas", "createdAt": "2016-01-04T21:41:45.831Z"}, {"objectId": "LaAVZ9hOZO", "activo": false, "updatedAt": "2016-01-04T21:41:45.832Z", "idCamarero": 30, "nombreCamarero": "Sergio (NiNi)", "createdAt": "2016-01-04T21:41:45.832Z"}, {"objectId": "2i42mB9EIB", "activo": true, "updatedAt": "2016-01-04T21:41:45.833Z", "idCamarero": 31, "nombreCamarero": "Javi Cangas", "createdAt": "2016-01-04T21:41:45.833Z"}, {"objectId": "yzAvjcKLnW", "activo": true, "updatedAt": "2016-01-04T21:41:45.835Z", "idCamarero": 32, "nombreCamarero": "Santi", "createdAt": "2016-01-04T21:41:45.835Z"}, {"objectId": "uMVexXdxzM", "activo": false, "updatedAt": "2016-01-04T21:41:45.836Z", "idCamarero": 33, "nombreCamarero": "Carlos Mea\u00f1o", "createdAt": "2016-01-04T21:41:45.836Z"}, {"objectId": "UOPq0S92nc", "activo": false, "updatedAt": "2016-01-04T21:41:45.837Z", "idCamarero": 34, "nombreCamarero": "Jose Carlos", "createdAt": "2016-01-04T21:41:45.837Z"}, {"objectId": "zvVyhBlfwN", "activo": false, "updatedAt": "2016-01-04T21:41:45.838Z", "idCamarero": 35, "nombreCamarero": "Fito Corvillon", "createdAt": "2016-01-04T21:41:45.838Z"}, {"objectId": "lROLB2v0go", "activo": true, "updatedAt": "2016-01-04T21:41:45.840Z", "idCamarero": 36, "nombreCamarero": "Lupe", "createdAt": "2016-01-04T21:41:45.840Z"}, {"objectId": "jf9K3VuMMS", "activo": false, "updatedAt": "2016-01-04T21:41:45.841Z", "idCamarero": 37, "nombreCamarero": "Luis Caldas", "createdAt": "2016-01-04T21:41:45.841Z"}, {"objectId": "wOLEuILwQf", "activo": false, "updatedAt": "2016-01-04T21:41:45.842Z", "idCamarero": 38, "nombreCamarero": "Juan Sayar", "createdAt": "2016-01-04T21:41:45.842Z"}, {"objectId": "A4cRLOmQHP", "activo": false, "updatedAt": "2016-01-04T21:41:45.844Z", "idCamarero": 39, "nombreCamarero": "Felipe Villalonga", "createdAt": "2016-01-04T21:41:45.844Z"}, {"objectId": "TAxeg6krZU", "activo": false, "updatedAt": "2016-01-04T21:41:45.845Z", "idCamarero": 40, "nombreCamarero": "Jorge Lupe", "createdAt": "2016-01-04T21:41:45.845Z"}, {"objectId": "k09OPvsYY8", "activo": false, "updatedAt": "2016-01-04T21:41:45.846Z", "idCamarero": 41, "nombreCamarero": "David Cu\u00f1ado", "createdAt": "2016-01-04T21:41:45.846Z"}, {"objectId": "U7psu0TNiI", "activo": true, "updatedAt": "2016-01-04T21:41:45.848Z", "idCamarero": 42, "nombreCamarero": "Pili Corvillon", "createdAt": "2016-01-04T21:41:45.848Z"}, {"objectId": "NJReEmH5mt", "activo": true, "updatedAt": "2016-01-04T21:41:45.849Z", "idCamarero": 43, "nombreCamarero": "Javi Sayar", "createdAt": "2016-01-04T21:41:45.849Z"}, {"objectId": "WXvhSNkIw0", "activo": false, "updatedAt": "2016-01-04T21:41:45.850Z", "idCamarero": 44, "nombreCamarero": "Edu Marin", "createdAt": "2016-01-04T21:41:45.850Z"}, {"objectId": "2CPg75dX8T", "activo": false, "updatedAt": "2016-01-04T21:41:45.851Z", "idCamarero": 45, "nombreCamarero": "Carmen Xil", "createdAt": "2016-01-04T21:41:45.851Z"}, {"objectId": "EP5u6nFkGm", "activo": false, "updatedAt": "2016-01-04T21:41:45.853Z", "idCamarero": 46, "nombreCamarero": "Raul Caldas", "createdAt": "2016-01-04T21:41:45.853Z"}, {"objectId": "ICFg8Tx1xZ", "activo": false, "updatedAt": "2016-01-04T21:41:45.854Z", "idCamarero": 47, "nombreCamarero": "Juan Luis", "createdAt": "2016-01-04T21:41:45.854Z"}, {"objectId": "6NrhAVDJDX", "activo": false, "updatedAt": "2016-01-04T21:41:45.855Z", "idCamarero": 48, "nombreCamarero": "Rafa Adina", "createdAt": "2016-01-04T21:41:45.855Z"}, {"objectId": "3L0xYhJo2c", "activo": true, "updatedAt": "2016-01-04T21:41:45.857Z", "idCamarero": 49, "nombreCamarero": "Eugenio", "createdAt": "2016-01-04T21:41:45.857Z"}, {"objectId": "abjeBk636L", "activo": true, "updatedAt": "2016-01-04T21:41:45.858Z", "idCamarero": 50, "nombreCamarero": "Paco", "createdAt": "2016-01-04T21:41:45.858Z"}, {"objectId": "900DcOODyN", "activo": false, "updatedAt": "2016-01-04T21:41:45.859Z", "idCamarero": 51, "nombreCamarero": "Benedicta", "createdAt": "2016-01-04T21:41:45.859Z"}, {"objectId": "SyZjOjmk6T", "activo": false, "updatedAt": "2016-01-04T21:41:45.861Z", "idCamarero": 52, "nombreCamarero": "Sesi Roqui\u00f1o", "createdAt": "2016-01-04T21:41:45.861Z"}, {"objectId": "f65PVymjrX", "activo": false, "updatedAt": "2016-01-04T21:41:45.862Z", "idCamarero": 53, "nombreCamarero": "Pachi Caldas", "createdAt": "2016-01-04T21:41:45.862Z"}, {"objectId": "prVbj6AiIC", "activo": false, "updatedAt": "2016-01-04T21:41:45.863Z", "idCamarero": 54, "nombreCamarero": "Miguel Eugenio", "createdAt": "2016-01-04T21:41:45.863Z"}, {"objectId": "IfNTObKgqG", "activo": false, "updatedAt": "2016-01-04T21:41:45.865Z", "idCamarero": 55, "nombreCamarero": "Diego Touceda", "createdAt": "2016-01-04T21:41:45.865Z"}, {"objectId": "ZEUeo9rX27", "activo": true, "updatedAt": "2016-01-04T21:41:45.866Z", "idCamarero": 56, "nombreCamarero": "Bibiana castrelo", "createdAt": "2016-01-04T21:41:45.866Z"}, {"objectId": "YTb17qV7a4", "activo": true, "updatedAt": "2016-01-04T21:41:45.867Z", "idCamarero": 57, "nombreCamarero": "Jose Portas", "createdAt": "2016-01-04T21:41:45.867Z"}, {"objectId": "TosSbg91iy", "activo": true, "updatedAt": "2016-01-04T21:41:45.869Z", "idCamarero": 58, "nombreCamarero": "Roberto Estrada", "createdAt": "2016-01-04T21:41:45.869Z"}]}