{"results": [{"idCocina": 1, "nombreCocina": "Teresa", "objectId": "QqRG6RZhEF", "activo": true, "updatedAt": "2016-01-04T21:40:12.777Z", "createdAt": "2016-01-04T21:39:51.734Z"}, {"idCocina": 2, "nombreCocina": "Margarita", "objectId": "Q01NEFusbe", "activo": true, "updatedAt": "2016-01-04T21:40:10.683Z", "createdAt": "2016-01-04T21:39:51.737Z"}, {"idCocina": 4, "nombreCocina": "Carmen", "objectId": "cJcIIwB5gn", "activo": true, "updatedAt": "2016-01-04T21:40:10.036Z", "createdAt": "2016-01-04T21:39:51.741Z"}, {"idCocina": 5, "nombreCocina": "Julian", "objectId": "b4Pmz3HAmx", "activo": true, "updatedAt": "2016-01-04T21:40:09.267Z", "createdAt": "2016-01-04T21:39:51.744Z"}, {"activo": true, "objectId": "hHzFtDVzZb", "nombreCocina": "Otra", "createdAt": "2016-01-05T21:39:17.372Z", "updatedAt": "2016-01-05T21:39:27.231Z"}]}