{"results": [{"objectId": "tYPAm5m5pV", "IdLocal": 3, "nombreLocal": "Galatea", "ServicioHabitual": "Banquetes", "longitude": -8.839635886251926, "createdAt": "2015-12-30T14:32:11.627Z", "updatedAt": "2016-01-02T20:51:39.079Z", "latitude": 42.3919768034511, "direccionLocal": "Montalvo, Sanxenxo", "insertadoPor": "imMt1Lr8tP"}, {"objectId": "hL8h1QVDc6", "IdLocal": 2, "nombreLocal": "Casa", "ServicioHabitual": "Casa", "descripcionLocal": "", "createdAt": "2016-01-02T18:27:00.956Z", "updatedAt": "2016-01-05T21:38:51.358Z", "direccionLocal": "", "insertadoPor": "imMt1Lr8tP"}, {"objectId": "v432x2Sop7", "IdLocal": 4, "nombreLocal": "Gran Bazan", "ServicioHabitual": "Banquetes", "descripcionLocal": "", "createdAt": "2016-01-02T18:27:00.962Z", "updatedAt": "2016-01-02T18:27:00.962Z", "direccionLocal": "Tremoedo", "insertadoPor": "imMt1Lr8tP"}, {"objectId": "UhVIfegHjO", "IdLocal": 5, "nombreLocal": "Casa Otilio", "ServicioHabitual": "Banquetes", "descripcionLocal": "", "createdAt": "2016-01-02T18:27:00.965Z", "updatedAt": "2016-01-02T18:27:00.965Z", "direccionLocal": "Campelo, Poio", "insertadoPor": "imMt1Lr8tP"}, {"objectId": "SfI8FiKyPe", "IdLocal": 6, "nombreLocal": "Campa\u00f1o", "ServicioHabitual": "Catering", "descripcionLocal": "", "createdAt": "2016-01-02T18:27:00.968Z", "updatedAt": "2016-01-02T20:49:38.290Z", "direccionLocal": "", "insertadoPor": "imMt1Lr8tP"}, {"objectId": "EpGp7LfItg", "IdLocal": 7, "nombreLocal": "Raxeira", "ServicioHabitual": "Carta", "descripcionLocal": "", "createdAt": "2016-01-02T18:27:00.971Z", "updatedAt": "2016-01-02T20:52:10.771Z", "direccionLocal": "A Lanzada", "insertadoPor": "imMt1Lr8tP"}, {"objectId": "owfOXvtolC", "IdLocal": 8, "nombreLocal": "Forni\u00f1os", "ServicioHabitual": "Banquetes", "descripcionLocal": "", "createdAt": "2016-01-02T18:27:00.975Z", "updatedAt": "2016-01-02T18:27:00.975Z", "direccionLocal": "Cambados", "insertadoPor": "imMt1Lr8tP"}, {"objectId": "u7oAy2spki", "IdLocal": 9, "nombreLocal": "O Castro", "ServicioHabitual": "Catering", "descripcionLocal": "", "createdAt": "2016-01-02T18:27:00.978Z", "updatedAt": "2016-01-02T20:51:52.983Z", "direccionLocal": "Caldas", "insertadoPor": "imMt1Lr8tP"}, {"objectId": "WttLGFejzC", "IdLocal": 10, "nombreLocal": "Parrillada Antonio", "ServicioHabitual": "Banquetes", "descripcionLocal": "", "createdAt": "2016-01-02T18:27:00.981Z", "updatedAt": "2016-01-02T18:27:00.981Z", "direccionLocal": "Caldas", "insertadoPor": "imMt1Lr8tP"}, {"objectId": "qZhhfzZ6aW", "IdLocal": 11, "nombreLocal": "Casa Giao", "ServicioHabitual": "Carta", "descripcionLocal": "", "createdAt": "2016-01-02T18:27:00.984Z", "updatedAt": "2016-01-02T20:50:37.511Z", "direccionLocal": "Mora\u00f1\u00e1", "insertadoPor": "imMt1Lr8tP"}, {"objectId": "xsVqBXeRx9", "IdLocal": 12, "nombreLocal": "Catering Galicia", "ServicioHabitual": "Catering", "descripcionLocal": "", "createdAt": "2016-01-02T18:27:00.987Z", "updatedAt": "2016-01-02T20:50:57.616Z", "direccionLocal": "", "insertadoPor": "imMt1Lr8tP"}, {"objectId": "wAwNvokC31", "IdLocal": 13, "nombreLocal": "Club Nautico", "ServicioHabitual": "Carta", "descripcionLocal": "", "createdAt": "2016-01-02T18:27:00.990Z", "updatedAt": "2016-01-02T20:51:12.824Z", "direccionLocal": "San Vicente", "insertadoPor": "imMt1Lr8tP"}, {"objectId": "sI5CKK9r7M", "IdLocal": 14, "nombreLocal": "Catering Senin", "ServicioHabitual": "Catering", "descripcionLocal": "", "createdAt": "2016-01-02T18:27:00.993Z", "updatedAt": "2016-01-02T20:51:09.152Z", "direccionLocal": "", "insertadoPor": "imMt1Lr8tP"}, {"objectId": "wF5IyynVBZ", "IdLocal": 15, "nombreLocal": "Espectaculos Lito", "ServicioHabitual": "Banquetes", "descripcionLocal": "", "createdAt": "2016-01-02T18:27:00.996Z", "updatedAt": "2016-01-02T18:27:00.996Z", "direccionLocal": "Caldas", "insertadoPor": "imMt1Lr8tP"}, {"objectId": "rQyVTE6Y0d", "IdLocal": 16, "nombreLocal": "Novo Faro", "ServicioHabitual": "Carta", "descripcionLocal": "", "createdAt": "2016-01-02T18:27:00.999Z", "updatedAt": "2016-01-02T20:51:47.443Z", "direccionLocal": "Sanxenxo", "insertadoPor": "imMt1Lr8tP"}, {"objectId": "fYZ8ZSaSIK", "IdLocal": 17, "nombreLocal": "Casa Sindo", "ServicioHabitual": "Banquetes", "descripcionLocal": "", "createdAt": "2016-01-02T18:27:01.002Z", "updatedAt": "2016-01-02T18:27:01.002Z", "direccionLocal": "Bamio", "insertadoPor": "imMt1Lr8tP"}, {"objectId": "967fsipwDD", "IdLocal": 18, "nombreLocal": "Casa Pachin", "ServicioHabitual": "Banquetes", "descripcionLocal": "", "createdAt": "2016-01-02T18:27:01.005Z", "updatedAt": "2016-01-02T18:27:01.005Z", "direccionLocal": "Rianxo", "insertadoPor": "imMt1Lr8tP"}, {"objectId": "a9rWS8mURe", "IdLocal": 19, "nombreLocal": "Casa Rural Mosteiro", "ServicioHabitual": "Banquetes", "descripcionLocal": "", "createdAt": "2016-01-02T18:27:01.009Z", "updatedAt": "2016-01-02T18:27:01.009Z", "direccionLocal": "Mosteiro", "insertadoPor": "imMt1Lr8tP"}, {"objectId": "UIJqzVuP0F", "IdLocal": 20, "nombreLocal": "Hotel Louxo", "ServicioHabitual": "Banquetes", "descripcionLocal": "", "createdAt": "2016-01-02T18:27:01.012Z", "updatedAt": "2016-01-02T18:27:01.012Z", "direccionLocal": "Isla da Toxa", "insertadoPor": "imMt1Lr8tP"}, {"objectId": "4LLXAm0OhR", "IdLocal": 21, "nombreLocal": "Lotus", "ServicioHabitual": "Banquetes", "descripcionLocal": "", "createdAt": "2016-01-02T18:27:01.015Z", "updatedAt": "2016-01-02T18:27:01.015Z", "direccionLocal": "Caldas", "insertadoPor": "imMt1Lr8tP"}, {"objectId": "kkO42KruZp", "IdLocal": 22, "nombreLocal": "Condes de Albarei", "ServicioHabitual": "Banquetes", "descripcionLocal": "", "createdAt": "2016-01-02T18:27:01.018Z", "updatedAt": "2016-01-02T18:27:01.018Z", "direccionLocal": "Castrelo", "insertadoPor": "imMt1Lr8tP"}, {"objectId": "qP5SBabDYr", "IdLocal": 23, "nombreLocal": "Thelma", "ServicioHabitual": "Cafeteria", "descripcionLocal": "", "createdAt": "2016-01-02T18:27:01.021Z", "updatedAt": "2016-01-02T20:52:48.929Z", "direccionLocal": "Cambados", "insertadoPor": "imMt1Lr8tP"}, {"objectId": "m70ZaCPRjn", "IdLocal": 24, "nombreLocal": "A taberna do rey", "ServicioHabitual": "Carta", "descripcionLocal": "", "createdAt": "2016-01-02T18:27:01.024Z", "updatedAt": "2016-01-02T20:47:45.712Z", "direccionLocal": "Barro", "insertadoPor": "imMt1Lr8tP"}, {"objectId": "1UX73FgBir", "IdLocal": 25, "nombreLocal": "San Tome", "ServicioHabitual": "Banquetes", "descripcionLocal": "", "createdAt": "2016-01-02T18:27:01.027Z", "updatedAt": "2016-01-02T18:27:01.027Z", "direccionLocal": "Villalonga", "insertadoPor": "imMt1Lr8tP"}, {"objectId": "LoUbonxHbX", "IdLocal": 26, "nombreLocal": "Talaso", "ServicioHabitual": "Banquetes", "descripcionLocal": "", "createdAt": "2016-01-02T18:27:01.030Z", "updatedAt": "2016-01-02T18:27:01.030Z", "direccionLocal": "Baiona", "insertadoPor": "imMt1Lr8tP"}, {"objectId": "2xygrFZnqu", "IdLocal": 27, "nombreLocal": "Agarimo", "ServicioHabitual": "Banquetes", "descripcionLocal": "", "createdAt": "2016-01-02T18:27:01.033Z", "updatedAt": "2016-01-02T18:27:01.033Z", "direccionLocal": "Lalin", "insertadoPor": "imMt1Lr8tP"}, {"objectId": "ZBcpwOy2h5", "IdLocal": 28, "nombreLocal": "Pazo Se\u00f1orans", "ServicioHabitual": "Banquetes", "descripcionLocal": "", "createdAt": "2016-01-02T18:27:01.036Z", "updatedAt": "2016-01-02T18:27:01.036Z", "direccionLocal": "", "insertadoPor": "imMt1Lr8tP"}, {"objectId": "XxNN5cBbn0", "IdLocal": 29, "nombreLocal": "Casa do Porto", "ServicioHabitual": "Carta", "descripcionLocal": "", "createdAt": "2016-01-02T18:27:01.039Z", "updatedAt": "2016-01-02T20:50:51.615Z", "direccionLocal": "Curro", "insertadoPor": "imMt1Lr8tP"}, {"objectId": "XFuffY08Qu", "IdLocal": 30, "nombreLocal": "Luz de luna", "ServicioHabitual": "Banquetes", "descripcionLocal": "", "createdAt": "2016-01-02T18:27:01.042Z", "updatedAt": "2016-01-02T18:27:01.042Z", "direccionLocal": "Playa do Terron", "insertadoPor": "imMt1Lr8tP"}, {"objectId": "2IZAbKtqQE", "IdLocal": 31, "nombreLocal": "Asador O Pazo", "ServicioHabitual": "Banquetes", "descripcionLocal": "", "createdAt": "2016-01-02T18:27:01.045Z", "updatedAt": "2016-01-02T18:27:01.045Z", "direccionLocal": "Padron", "insertadoPor": "imMt1Lr8tP"}, {"objectId": "g7X6iJrJuV", "IdLocal": 32, "nombreLocal": "Pulperia Carballi\u00f1o", "ServicioHabitual": "Catering", "descripcionLocal": "", "createdAt": "2016-01-02T18:27:01.048Z", "updatedAt": "2016-01-02T20:52:08.750Z", "direccionLocal": "Carballi\u00f1o", "insertadoPor": "imMt1Lr8tP"}, {"objectId": "9D1BIKHhwF", "IdLocal": 33, "nombreLocal": "Xavique", "ServicioHabitual": "Carta", "descripcionLocal": "", "createdAt": "2016-01-02T18:27:01.051Z", "updatedAt": "2016-01-02T20:59:24.508Z", "direccionLocal": "Mora\u00f1a", "insertadoPor": "imMt1Lr8tP"}, {"objectId": "AdM8fFt35j", "IdLocal": 40, "nombreLocal": "Cano Alto", "ServicioHabitual": "Banquetes", "descripcionLocal": null, "createdAt": "2016-01-02T18:27:01.054Z", "updatedAt": "2016-01-02T18:27:01.054Z", "direccionLocal": "Caldas", "insertadoPor": "imMt1Lr8tP"}, {"objectId": "NXVqFiUjVE", "IdLocal": 39, "nombreLocal": "Forcado (Vello)", "ServicioHabitual": "Carta", "descripcionLocal": null, "createdAt": "2016-01-02T18:27:01.058Z", "updatedAt": "2016-01-02T20:51:22.297Z", "direccionLocal": "Dena", "insertadoPor": "imMt1Lr8tP"}, {"objectId": "9EVCuaH1Sd", "IdLocal": 38, "nombreLocal": "Mui\u00f1o da Chanca", "ServicioHabitual": "Carta", "descripcionLocal": null, "createdAt": "2016-01-02T18:27:01.061Z", "updatedAt": "2016-01-02T20:51:45.692Z", "direccionLocal": "Dena", "insertadoPor": "imMt1Lr8tP"}, {"objectId": "K6c4wkDSkO", "IdLocal": 37, "nombreLocal": "Bocateria Reymar", "ServicioHabitual": "Cafeteria", "descripcionLocal": null, "createdAt": "2016-01-02T18:27:01.064Z", "updatedAt": "2016-01-02T20:49:28.420Z", "direccionLocal": "Cambados", "insertadoPor": "imMt1Lr8tP"}, {"objectId": "oRZlHQ9tfY", "IdLocal": 41, "nombreLocal": "Asador plaza", "ServicioHabitual": "Carta", "descripcionLocal": null, "createdAt": "2016-01-02T18:27:01.067Z", "updatedAt": "2016-01-02T20:49:20.991Z", "direccionLocal": "Vilagarcia", "insertadoPor": "imMt1Lr8tP"}, {"objectId": "6cbnoZIkiK", "IdLocal": 42, "nombreLocal": "Festa do Percebe", "ServicioHabitual": "Barra", "descripcionLocal": null, "createdAt": "2016-01-02T18:27:01.070Z", "updatedAt": "2016-01-02T20:51:20.569Z", "direccionLocal": "Fisterra", "insertadoPor": "imMt1Lr8tP"}, {"objectId": "OMsB64iKse", "IdLocal": 43, "nombreLocal": "Cafeteria Rober", "ServicioHabitual": "Cafeteria", "descripcionLocal": null, "createdAt": "2016-01-02T18:27:01.073Z", "updatedAt": "2016-01-02T20:49:32.118Z", "direccionLocal": "Villagarcia", "insertadoPor": "imMt1Lr8tP"}, {"objectId": "jhwQZDXqkw", "IdLocal": 44, "nombreLocal": "Asador Fran", "ServicioHabitual": "Banquetes", "descripcionLocal": null, "createdAt": "2016-01-02T18:27:01.076Z", "updatedAt": "2016-01-02T18:27:01.076Z", "direccionLocal": "Pontevedra", "insertadoPor": "imMt1Lr8tP"}, {"objectId": "QqGBzhiMWm", "IdLocal": 45, "nombreLocal": "Agnus dei", "ServicioHabitual": "Banquetes", "descripcionLocal": null, "createdAt": "2016-01-02T18:27:01.079Z", "updatedAt": "2016-01-02T18:27:01.079Z", "direccionLocal": "Simes", "insertadoPor": "imMt1Lr8tP"}, {"objectId": "SRRn6AcHZq", "IdLocal": 46, "nombreLocal": "Churrasco Rubians", "ServicioHabitual": "Carta", "descripcionLocal": null, "createdAt": "2016-01-02T18:27:01.083Z", "updatedAt": "2016-01-02T20:51:10.995Z", "direccionLocal": "Vilagarcia", "insertadoPor": "imMt1Lr8tP"}, {"objectId": "1fz5tEtdLK", "IdLocal": 47, "nombreLocal": "A Pote", "ServicioHabitual": "Banquetes", "descripcionLocal": null, "createdAt": "2016-01-02T18:27:01.086Z", "updatedAt": "2016-01-02T18:27:01.086Z", "direccionLocal": "Vila de cruces", "insertadoPor": "imMt1Lr8tP"}, {"objectId": "s5BBMFWrrX", "IdLocal": 48, "nombreLocal": "Catering Porta", "ServicioHabitual": "Catering", "descripcionLocal": null, "createdAt": "2016-01-02T18:27:01.089Z", "updatedAt": "2016-01-02T20:51:02.700Z", "direccionLocal": "A Estrada", "insertadoPor": "imMt1Lr8tP"}, {"objectId": "qMEShCcwST", "IdLocal": 49, "nombreLocal": "Torre de xunqueira", "ServicioHabitual": "Banquetes", "descripcionLocal": null, "createdAt": "2016-01-02T18:27:01.092Z", "updatedAt": "2016-01-02T18:27:01.092Z", "direccionLocal": "Puebla do carami\u00f1al", "insertadoPor": "imMt1Lr8tP"}, {"objectId": "IZMsOpJu5T", "IdLocal": 50, "nombreLocal": "O fogar do martinez", "ServicioHabitual": "Banquetes", "descripcionLocal": null, "updatedAt": "2016-01-02T20:52:00.404Z", "direccionLocal": "Vilanova", "createdAt": "2016-01-02T18:27:01.095Z"}]}